User_ID,avg_baseline,avg_1617,avg_1718,avg_1819,avg_sp_17,avg_sp_18,tg,freq
AGM01006538001,0.414406328320801,0.363943498213047,0.3786119341563786,0.3928973568281939,0.39221774193548387,0.6118645161290323,1,daily readings
AGM01006571003,0.638816430260048,0.603542431563614,0.5530465020576132,0.5065992217898833,0.6026870967741935,0.5012354838709677,1,daily readings
AGM01013095003,0.244561829426658,0.229681502525249,0.22814197530864194,0.21393813229571987,0.009756451612903226,0.019616129032258064,1,daily readings
AGM01024475002,0.264751592356688,0.286715481171548,0.24548971193415642,0.26630350194552527,0.1908709677419355,0.20730645161290323,1,hourly readings
AGM01031367001,0.207316265060241,0.200213991769547,0.21672016460905352,0.13995719844357976,0.3165645161290323,0.1090483870967742,1,hourly readings
AGM01035766001,0.289266666666667,0.318220833333333,0.30022633744855964,0.4524357976653697,0.13775806451612904,0.19064516129032258,1,hourly readings
AGM01036764001,0.538145454545454,0.523962962962963,0.2887736625514403,0.4345252918287938,0.07408064516129033,0.2804516129032258,1,hourly readings
AGM01061468001,0.323031847133758,0.235819672131148,0.2192304526748971,0.22669260700389104,0.043032258064516125,0.023096774193548386,1,hourly readings
AGM01070590002,0.250962732919255,0.233991631799163,0.22011934156378601,0.18579377431906616,0.17729032258064517,0.16808064516129032,1,hourly readings
AGM01082429001,0.191788650272395,0.214094860904045,0.17203662551440327,0.17481634241245136,0.22165483870967742,0.17799032258064515,1,daily readings
AGM01087391001,0.136136987179487,0.15551407541322,0.14235390946502058,0.1281284046692607,0.09520645161290323,0.10909032258064516,1,daily readings
AGM01099424002,0.160028692361953,0.140372144742874,0.1193917695473251,0.14854052863436124,0.11326129032258064,0.17423548387096774,1,daily readings
AGM01100294001,0.335958256349372,0.331821872043408,0.5755049999999999,0.5587268482490273,0.6362612903225806,0.6646548387096775,1,daily readings
AGM01116214003,0.269921259842519,0.232982062780269,0.18015226337448564,0.26251361867704276,0.10232258064516128,0.1938709677419355,1,hourly readings
AGM01118840001,0.265012012012012,0.246633744855967,0.26237448559670784,0.21465758754863812,0.14801612903225805,0.10917741935483871,1,hourly readings
AGM01122880001,0.321122302158273,0.247738775510204,0.3033991769547325,0.256011673151751,0.1750967741935484,0.20961290322580645,1,hourly readings
AGM01129597001,0.32111377245509,0.307152263374485,0.29555555555555557,0.2583774319066149,0.2749677419354839,0.23633870967741932,1,hourly readings
AGM01130931001,0.248420168067227,0.284105691056911,0.30413991769547327,0.3284824902723736,0.24453225806451612,0.2941774193548387,1,hourly readings
AGM01141230001,0.304710843373494,0.277067510548523,0.28374074074074074,0.25481640625,0.13070967741935482,0.0912741935483871,1,hourly readings
AGM01146563001,0.418600344036709,0.398253557587552,0.38669711934156376,0.3742291828793774,0.3950048387096774,0.4053741935483871,1,daily readings
AGM01147430001,0.407735259032048,0.375766741623003,0.3543263374485596,0.3218498054474708,0.22913870967741937,0.044106451612903226,1,daily readings
AGM01147576001,0.26576260288066,0.254795030711201,0.23173251028806585,0.19917704280155643,0.2481483870967742,0.2196258064516129,1,daily readings
AGM01173876001,0.140079977913694,0.155594661458332,0.1636522633744856,0.15067237354085602,0.024288709677419355,0.012583870967741936,1,daily readings
AGM01177216001,0.210591262830615,0.224026876596964,0.22865390946502057,0.19947392996108948,0.25309677419354837,0.2142516129032258,1,daily readings
AGM01177796002,0.389488112496066,0.412898974507578,0.45726748971193415,0.6948785992217898,0.5242177419354839,0.780116129032258,1,daily readings
AGM01178410001,0.266451173113994,0.212563241698764,0.1899423868312757,0.23173501945525296,0.18158709677419355,0.19058870967741937,1,daily readings
AGM01188807001,0.285226632882882,0.247005960896517,0.2122625514403292,0.23685603112840467,0.21384032258064514,0.24736451612903226,1,daily readings
AGM01191063002,0.275470705671368,0.334518681129467,0.2504522633744856,0.26623968871595327,0.09422903225806452,0.05586935483870968,1,daily readings
AGM01192285001,0.291814927427036,0.232580905600721,0.2170670781893004,0.19682217898832682,0.24887419354838708,0.19386451612903227,1,daily readings
AGM01195767003,0.214080521472393,0.171234219387538,0.16780905349794242,0.20735022026431718,0.022825806451612904,0.12040645161290321,1,daily readings
AGM01195879002,0.243792852416887,0.232521443514621,0.23714156378600823,0.2343583657587549,0.2861548387096774,0.25756290322580644,1,daily readings
AGM01197982001,0.139933910256412,0.103878097211432,0.10328600823045268,0.10095914396887158,0.06681290322580645,0.06494032258064517,1,daily readings
AGM01204052001,0.264591510724622,0.235191938312927,0.236962962962963,0.21375486381322958,0.028774193548387096,0.10932258064516129,1,daily readings
AGM01230968001,0.501217096626574,0.335312620221378,0.2830661157024793,0.27528404669260703,0.07774193548387097,0.12206451612903226,1,daily readings
AGM01232029002,0.720241248878035,0.533930140170168,0.5626584362139918,0.5125758754863814,0.6241935483870968,0.5496774193548387,1,daily readings
AGM01249296001,0.466860067515954,0.364120807666284,0.3852427983539094,0.31647859922178984,0.19348387096774194,0.17933870967741936,1,daily readings
AGM01272082001,0.417585470085469,0.326221508176518,0.3664181069958848,0.37366459143968866,0.2854403225806451,0.3702774193548387,1,daily readings
AGM01277279001,0.297543286914381,0.218362533439635,0.22719341563786008,0.22564980544747082,0.01845161290322581,0.0825483870967742,1,daily readings
AGM01285141001,0.310791474358979,0.325281960240076,0.3462888888888889,0.3217295719844358,0.3124725806451613,0.24886935483870967,1,daily readings
AGM01292922001,0.597506092385986,0.522672480695013,0.4064505494505494,0.5115058365758754,0.4982741935483871,0.5207258064516129,1,daily readings
AGM01297917001,0.453568639905149,0.471741666666654,0.47176872427983535,0.5653134328358208,0.4151467741935484,0.6332741935483871,1,daily readings
AGM01298425001,0.0256485435617177,0.0215944005598078,0.015175720164609052,0.0160136186770428,0.03649677419354839,0.01620357142857143,1,daily readings
AGM01309572001,0.479977323928521,0.465004361702874,0.4668230452674897,0.4830389105058365,0.4885483870967742,0.515016129032258,1,daily readings
AGM01331556002,0.365912851515407,0.282570055670323,0.31167119341563787,0.2562431906614786,0.2885241935483871,0.27925483870967743,1,daily readings
AGM01340940001,0.123088888888889,0.168267782426778,0.13831275720164612,0.13744140625,0.39098387096774195,0.385741935483871,1,hourly readings
AGM01352851001,0.187125808093873,0.177919645848369,0.16101646090534977,0.1738046875,0.10696774193548386,0.13790322580645162,1,
AGM01488946001,0.301354993386245,0.271128813422632,0.24995020576131685,0.24600778210116733,0.12526612903225806,0.15768548387096773,1,daily readings
AGM01489092001,0.220744886520524,0.188130808857016,0.1932366255144033,0.19044396887159534,0.1785532258064516,0.2187209677419355,1,daily readings
AGM01493592002,0.118556886227545,0.111662551440329,0.10886008230452675,0.07579766536964981,0.09920967741935484,0.09930645161290323,1,hourly readings
AGM01496451001,0.47966474063489,0.350143744206208,0.38855186721991697,0.4071857707509881,0.31156451612903224,0.32732142857142854,1,daily readings
AGM01499051001,0.25416053332568,0.287739388686079,0.2519413919413919,0.3345875486381323,0.18619354838709679,0.14656451612903226,1,daily readings
AGM01505128001,0.412098225800741,0.402749145339955,0.37501572052401744,0.43915265486725663,0.15470499999999998,0.03412307692307692,1,daily readings
AGM01505983002,0.095938646788989,0.0857088293650793,0.07781358024691358,0.082368093385214,0.07759516129032258,0.08112096774193547,1,daily readings
AGM01511601001,0.362071212121209,0.38972601447177,0.3448489711934156,0.3498003891050584,0.2927451612903226,0.19151612903225806,1,daily readings
AGM01541606001,0.0968727564102571,0.127110481294868,0.12461440329218108,0.14714824902723736,0.09242903225806451,0.12196612903225806,1,daily readings
AGM01547785001,0.206740002579978,0.186125144675871,0.18842716049382718,0.1990501945525292,0.16391935483870967,0.1740790322580645,1,daily readings
AGM01549772001,0.509703746177379,0.385406819216739,0.33995637860082306,0.5096112840466926,0.18726451612903222,0.31464516129032255,1,daily readings
AGM01551301001,0.574128412680221,0.57976014359829,0.6062892561983472,0.5738515624999999,0.4539354838709677,0.4492096774193548,1,daily readings
AGM01552661001,0.436381669207318,0.454045782013913,0.27879958847736624,0.5504151750972762,0.3688548387096774,0.5132532258064516,1,daily readings
AGM01563268001,0.305682304769673,0.270482142857136,0.25813991769547323,0.26395175097276263,0.1188016129032258,0.13237419354838711,1,daily readings
AGM01564421001,0.327391246177368,0.32173650565108,0.36863703703703704,0.37243618677042806,0.10945967741935485,0.21978225806451612,1,daily readings
AGM01566549003,0.577450331125828,0.650951965065502,0.5653497942386831,0.4803385214007782,0.29851612903225805,0.3529193548387097,1,hourly readings
AGM01567761001,0.346821740591394,0.281814970633952,0.25413456790123456,0.24854677419354837,0.32456363636363633,0.15529354838709677,1,daily readings
AGM01576508001,0.268682890070923,0.264543704086322,0.1769111111111111,0.3121260700389105,0.15568870967741935,0.13733870967741937,1,daily readings
AGM01577133001,0.352051881246322,0.337620388888897,0.2959786008230452,0.34051673151750966,0.10740000000000001,0.14018064516129033,1,daily readings
AGM01583656001,0.174701858974359,0.186423958333328,0.1664576131687243,0.18032529182879378,0.17220806451612902,0.1638,1,daily readings
AGM01619106002,0.114225563909774,0.0928565573770491,0.08795061728395062,0.09341634241245136,0.0026774193548387095,0.012806451612903226,1,hourly readings
AGM01629146002,0.524147540983606,0.4335,0.3457078189300411,0.3424630350194553,0.3186451612903226,0.3216935483870968,1,hourly readings
AGM01631955001,0.13765075408998,0.132163927108885,0.09707736625514403,0.08870972762645914,0.016270967741935483,0.01965967741935484,1,daily readings
AGM01641704001,0.233501274209986,0.234424004832218,0.21954074074074073,0.23189533073929963,0.05675645161290322,0.07866612903225806,1,daily readings
AGM01648487001,0.64770531662175,0.589738345371896,0.6174444444444444,0.6231517509727625,0.48840322580645157,0.5057903225806452,1,daily readings
AGM01652554002,0.283412425291791,0.181744144758719,0.18684814814814815,0.34742801556420233,0.09649999999999999,0.02725806451612903,1,daily readings
AGM01653638001,0.391892857142857,0.261496183206107,0.3115925925925926,0.22913618677042805,0.2029516129032258,0.24429032258064518,1,hourly readings
AGM01657034001,0.754424883849595,0.713564492258647,0.6853802469135801,0.7392863813229572,0.6678677419354838,0.7616725806451613,1,daily readings
AGM01672482001,0.149584143518519,0.146839543892436,0.11508230452674896,0.12995525291828794,0.08322096774193548,0.09977903225806452,1,daily readings
AGM01680173005,0.394008611955426,0.499728344671207,0.4467251028806585,0.45352762645914396,0.2645709677419355,0.38138548387096777,1,daily readings
AGM01683220001,0.183984756097561,0.182094017094017,0.13641563786008232,0.14824124513618678,0.07158064516129033,0.10445161290322581,1,hourly readings
AGM01684496002,0.0564727690288715,0.0462341246202597,0.028165432098765434,0.04386536964980544,0.04798965517241379,0.04927258064516129,1,daily readings
AGM01687799001,0.139702489837398,0.150986716513567,0.15772345679012345,0.17304785992217897,0.21291451612903226,0.1831225806451613,1,daily readings
AGM01702725002,0.238031234742263,0.159414538101129,0.23240864197530867,0.2231750972762646,0.25990161290322583,0.21460483870967742,1,daily readings
AGM01706533001,0.236449390723275,0.197720354162685,0.1913864197530864,0.18629844357976652,0.12770967741935485,0.11962903225806451,1,daily readings
AGM01710469001,0.178146542827657,0.19874487593765,0.15880246913580245,0.16870583657587546,0.16255645161290322,0.14698387096774193,1,daily readings
AGM01715911001,0.235502816855016,0.238387245656139,0.2113641975308642,0.22027470817120626,0.17578548387096773,0.21171935483870968,1,daily readings
AGM01728414001,0.183363636363636,0.223425101214575,0.1474074074074074,0.2369377431906615,0.10459677419354839,0.12072580645161289,1,hourly readings
AGM01731233001,0.431586124727657,0.392065839399978,0.3341086419753086,0.3368684824902724,0.2783241935483871,0.29974354838709677,1,daily readings
AGM01744285001,0.167888205128206,0.14545187672177,0.11959218106995884,0.10792373540856029,0.0511258064516129,0.04233870967741935,1,daily readings
AGM01749336001,0.123127636303213,0.0785109470809649,0.07425925925925926,0.13124999999999998,0.023419354838709678,0.13434426229508198,1,daily readings
AGM01752052001,0.62575707712431,0.661231086504874,0.5337818930041153,0.5664046692607004,0.4935322580645161,0.5249999999999999,1,daily readings
AGM01753733002,0.264791343198433,0.182446098239945,0.1291366255144033,0.22533774319066147,0.1421967741935484,0.1528258064516129,1,daily readings
AGM01767758001,0.205995709257006,0.199415389692376,0.16646008230452675,0.13873229571984436,0.13569032258064517,0.10161935483870968,1,daily readings
AGM01768343001,0.63514542726415,0.461092421561645,0.4200230452674897,0.42891828793774317,0.27440161290322584,0.2483274193548387,1,daily readings
AGM01770946001,0.267870131195834,0.281677481159713,0.298104938271605,0.2905214007782101,0.1898258064516129,0.15414516129032255,1,daily readings
AGM01771833003,0.276462956285857,0.295115460694982,0.19175824175824174,0.20978599221789884,0.1731290322580645,0.15016129032258066,1,daily readings
AGM02000081001,0.145072115375974,0.200731183159488,0.202,0.22395719844357978,0.22670967741935483,0.21483870967741936,1,daily readings
AGM02000327002,0.0823153846153846,0.0716525423728814,0.0670082304526749,0.07059922178988326,0.06951612903225805,0.0757258064516129,1,hourly readings
AGM02000952001,0.237170384615386,0.255100028935187,0.1624506172839506,0.1454894941634241,0.1591322580645161,0.13581290322580647,1,daily readings
AGM02006003001,0.1295078125,0.136740585774059,0.12855144032921811,0.13817509727626456,0.13570967741935486,0.12301612903225806,1,hourly readings
AGM02007245001,0.13342361111111,0.123701302782315,0.11585967078189302,0.1577307392996109,0.0871,0.09440967741935484,1,daily readings
AGM02007395001,0.326694915254237,0.277441176470589,0.30041563786008235,0.4780311284046693,0.16369354838709677,0.4495483870967742,1,hourly readings
AGM02007506001,0.386178571428572,0.3160625,0.320440329218107,0.2682217898832685,0.31241935483870964,0.27175806451612905,1,hourly readings
AGM02014001001,0.438676806784663,0.445339739062721,0.4121761316872428,0.41004474708171207,0.3243806451612904,0.3812467741935484,1,daily readings
AGM02014229001,0.156389221556886,0.161606557377049,0.12641152263374486,0.15496093750000003,0.3534032258064516,0.256241935483871,1,hourly readings
AGM02015748002,0.176589285714286,0.19633023255814,0.1865761316872428,0.10588326848249026,0.2155483870967742,0.11632258064516128,1,hourly readings
AGM02016201001,0.400118013211387,0.412681387741057,0.32475102880658435,0.3145961089494163,0.2130822580645161,0.20655483870967742,1,daily readings
AGM02018383001,0.314280754097318,0.276175446835159,0.3170197530864198,0.24624474708171207,0.37440483870967745,0.28750000000000003,1,daily readings
AGM02021790001,0.20784312248996,0.167948380566794,0.17682510288065842,0.1682603112840467,0.1093306451612903,0.10849516129032258,1,daily readings
AGM02026161001,0.353105500508128,0.380737107241182,0.3324123456790124,0.2871357976653696,0.19903225806451613,0.17182258064516126,1,daily readings
AGM02026863002,0.547115369891335,0.475504727242295,0.4935045267489712,0.5306404669260701,0.253008064516129,0.22576612903225807,1,daily readings
AGM02027183001,0.197037593984962,0.179714893617021,0.16521810699588477,0.17409338521400777,0.13814516129032256,0.13212903225806452,1,hourly readings
AGM02028774001,0.206428571428571,0.190628571428571,0.2052263374485597,0.21577821011673154,0.2129193548387097,0.21366129032258063,1,hourly readings
AGM02030502001,0.36227972027972,0.299288617886179,0.34691358024691354,0.3055019455252918,0.33725806451612905,0.3071935483870968,1,hourly readings
AGM02033471001,0.393588053385418,0.391490629301633,0.34464938271604934,0.38368754863813226,0.17967419354838712,0.2367209677419355,1,daily readings
AGM02034365001,0.263303846153846,0.251511210762332,0.2889948186528497,0.26435408560311285,0.3859354838709677,0.2355322580645161,1,hourly readings
AGM02035389001,0.253152694610778,0.225700819672131,0.17141975308641977,0.19254474708171207,0.15561290322580645,0.15885483870967743,1,hourly readings
AGM02035737001,0.104732445987654,0.110105358007643,0.10860041152263374,0.17667237354085605,0.0902241935483871,0.16224677419354838,1,daily readings
AGM02036258001,0.198346638110072,0.199486223053163,0.21549423868312753,0.2116941634241245,0.2190258064516129,0.19136935483870968,1,daily readings
AGM02036276001,0.244162436715777,0.208996398645549,0.19062057613168726,0.14470505836575878,0.12261290322580645,0.09359032258064516,1,daily readings
AGM02038368001,0.510975194209045,0.46083347740896,0.41179958847736625,0.4135498054474708,0.3414274193548387,0.3378177419354838,1,daily readings
AGM02039749001,0.282274300962793,0.240415864125139,0.2345875,0.2509455252918288,0.2539516129032258,0.26491935483870965,1,daily readings
AGM02041230001,0.359215151515148,0.351381886814205,0.38055144032921817,0.4912782101167315,0.051183870967741935,0.16148225806451613,1,daily readings
AGM02041555001,0.194255353457171,0.20215748590793,0.24002469135802468,0.19076731517509735,0.2583354838709677,0.1777551724137931,1,daily readings
AGM02042112001,0.225805199430203,0.226839134315037,0.1982156378600823,0.1893342412451362,0.17540967741935481,0.16332096774193547,1,daily readings
AGM02043811002,0.32818138379205,0.35787063980305,0.383498353909465,0.34480311284046694,0.3322838709677419,0.26362419354838706,1,daily readings
AGM02046078001,0.22627629573171,0.317235484283204,0.1948666666666667,0.17692101167315177,0.08259193548387098,0.03902741935483871,1,daily readings
AGM02046737001,0.278415297571998,0.268136923512695,0.2672051282051282,0.307375,0.21875438596491226,0.22025806451612903,1,daily readings
AGM02050693002,0.288762605042019,0.257776087934274,0.23770781893004117,0.27810856031128406,0.1100258064516129,0.13943548387096774,1,daily readings
AGM02058237001,0.0164076433121019,0.0200725806451613,0.045827160493827165,0.13532684824902724,0.001532258064516129,0.15854838709677418,1,hourly readings
AGM02058819001,0.370293750000001,0.367348143320953,0.34377654320987655,0.33686225680933857,0.14653387096774195,0.13453870967741935,1,daily readings
AGM02059969001,0.302450132181371,0.277831095041328,0.26587407407407404,0.28798638132295723,0.15650161290322578,0.20673387096774193,1,daily readings
AGM02062113001,0.0889851370924476,0.111006422878574,0.09817983539094649,0.09201167315175096,0.09344516129032257,0.07665967741935484,1,daily readings
AGM02062414001,0.133105105105105,0.0885324675324675,0.009835390946502057,0.07203501945525292,0.0,0.012612903225806452,1,hourly readings
AGM02062455002,0.213363363363363,0.186869918699187,0.20996296296296293,0.21115175097276265,0.20293548387096774,0.1561935483870968,1,hourly readings
AGM02063485001,0.383321777343748,0.367573258598904,0.28871893004115223,0.32764552529182883,0.16225,0.1989532258064516,1,daily readings
AGM02064223003,0.0886425531914894,0.068744939271255,0.11923868312757202,0.17711673151750973,0.018145161290322582,0.13669354838709677,1,hourly readings
AGM02070221001,0.369069172945607,0.364170539678334,0.37317613168724284,0.3789420233463035,0.34595000000000004,0.34317741935483875,1,daily readings
AGM02070537001,0.310631029349254,0.343613430949418,0.37950781893004115,0.34965136186770424,0.2121451612903226,0.23004677419354838,1,daily readings
AGM02070824001,0.229629212081246,0.204929818823106,0.20258847736625515,0.21376264591439686,0.16758064516129034,0.12766666666666668,1,daily readings
AGM02070939001,0.119137195121951,0.109780701754386,0.13162551440329218,0.15897665369649808,0.14920967741935484,0.17279032258064517,1,hourly readings
AGM02071771001,0.235291266025639,0.258316884925474,0.27514485596707816,0.2755264591439689,0.18580000000000002,0.18538709677419354,1,daily readings
AGM02072181001,0.143640143813233,0.0757979237702281,0.07073662551440328,0.06605726872246695,0.07492,0.07593548387096774,1,daily readings
AGM02072993001,0.168260992801078,0.185938379081743,0.17065432098765432,0.2038863636363636,0.12258064516129032,0.11355,1,daily readings
AGM02073313001,0.417418577981657,0.411952451553624,0.3594456790123457,0.35094785992217903,0.3353709677419355,0.2628758064516129,1,daily readings
AGM02075114001,0.17929810068743,0.195879562672175,0.17437283950617286,0.1571579766536965,0.11201451612903227,0.09108387096774193,1,daily readings
AGM02075988002,0.172543307086614,0.161735772357724,0.20893827160493827,0.18955252918287938,0.15241935483870966,0.15809677419354837,1,hourly readings
AGM02076356001,0.23110473831301,0.296164457070705,0.23779094650205765,0.2457669260700389,0.045833870967741934,0.1405290322580645,1,daily readings
AGM02076936001,0.220896916411827,0.198254253848001,0.2160316872427984,0.23984863813229573,0.1339467741935484,0.13950161290322582,1,daily readings
AGM02077560001,0.0345785071444966,0.0400897904683259,0.007510288065843622,0.006628318584070795,0.006709677419354839,0.0015172413793103448,1,daily readings
AGM02079825001,0.0984767090603857,0.100404871228975,0.10144897119341564,0.10256381322957199,0.09831935483870968,0.09970645161290323,1,daily readings
AGM02079896001,0.146754658385093,0.117991869918699,0.19030041152263374,0.21164202334630355,0.21004838709677418,0.2934032258064517,1,hourly readings
AGM02080161001,0.0922971179126533,0.109687813537753,0.0980207468879668,0.10708949416342411,0.08449999999999999,0.1472258064516129,1,daily readings
AGM02086175001,0.187494011976048,0.200257641921397,0.2230946502057613,0.23926070038910502,0.20666129032258065,0.22846774193548386,1,hourly readings
AGM02088808001,0.100636497480936,0.121900444007273,0.11374567901234568,0.11120389105058366,0.10587741935483871,0.0647741935483871,1,daily readings
AGM02089583001,0.192923076923077,0.138865853658537,0.12114403292181071,0.11747859922178987,0.06679032258064516,0.054903225806451614,1,hourly readings
AGM02090922001,0.0951627587204879,0.098002867907934,0.07121769547325102,0.08312295719844358,0.06367258064516129,0.07758387096774194,1,daily readings
AGM02091018001,0.0413337227414329,0.0443573165693299,0.03634609053497942,0.02192114537444934,0.01930967741935484,0.025720967741935483,1,daily readings
AGM02091404001,0.135830680567172,0.0640007065657552,0.061901098901098905,0.10816731517509727,0.03779032258064516,0.047693548387096774,1,daily readings
AGM02091624001,0.16908527131783,0.149587719298245,0.0022962962962962967,0.07699610894941634,0.001806451612903226,0.14569354838709678,1,hourly readings
AGM02092434001,0.476280262487256,0.442262232648361,0.5544707818930041,0.46235525291828805,0.48629516129032263,0.3736709677419355,1,daily readings
AGM02101709001,0.189577566964288,0.175823095238097,0.1298349794238683,0.1578408560311284,0.03669193548387097,0.0546425,1,daily readings
AGM02105478001,0.103982142857143,0.0759936708860759,0.18567489711934157,0.07922568093385213,0.18670967741935485,0.0534516129032258,1,hourly readings
AGM02116810001,0.137755277061624,0.108771129638535,0.2871893004115226,0.27769565217391307,0.21746774193548388,0.4197741935483871,1,daily readings
AGM02120215003,0.0849729293699188,0.085474044492055,0.09105308641975311,0.0864568093385214,0.09238064516129034,0.08803870967741935,1,daily readings
AGM02120870001,0.179245454545455,0.159967479674797,0.14020987654320988,0.1483813229571984,0.08804838709677419,0.112,1,hourly readings
AGM02130624001,0.161933226495728,0.198609695653775,0.1488358024691358,0.12596070038910503,0.14385645161290322,0.1368467741935484,1,daily readings
AGM02130909001,0.224965065502183,0.193150406504065,0.18681069958847737,0.22329961089494163,0.22398387096774194,0.24667741935483872,1,hourly readings
AGM02131175003,0.233027189265538,0.135787578036798,0.07641604938271605,0.08705252918287938,0.07091451612903225,0.06711935483870969,1,daily readings
AGM02131765001,0.267086904414945,0.223033656193998,0.24704641350210968,0.2607300884955752,0.2828548387096774,0.26336666666666664,1,daily readings
AGM02133597001,0.0912265193370165,0.0478196721311476,0.20967489711934156,0.1899494163424124,0.01579032258064516,0.02456451612903226,1,hourly readings
AGM02135770001,0.563055835362677,0.534807287911019,0.40050205761316865,0.3618949416342413,0.20341935483870968,0.001806451612903226,1,daily readings
AGM02140298001,0.173384232954545,0.144438264495594,0.14108189300411522,0.1294669260700389,0.09864354838709677,0.10980000000000001,1,daily readings
AGM02150708001,0.20720011359739,0.174503173468276,0.19716666666666668,0.19908560311284043,0.09825967741935485,0.11601290322580646,1,daily readings
AGM02150997002,0.143967209146204,0.161140927419351,0.13765596707818928,0.1577023346303502,0.1542451612903226,0.15430806451612902,1,daily readings
AGM02157375001,0.186651162790698,0.199330612244898,0.2373744855967078,0.2624591439688716,0.22203225806451612,0.2763870967741936,1,hourly readings
AGM02161874001,0.289819263725766,0.286121871070463,0.21519047619047615,0.23030739299610894,0.20270967741935483,0.1885483870967742,1,daily readings
AGM02168946001,0.518012031408303,0.58243164430574,0.5534197530864198,0.6621778210116732,0.24830000000000002,0.22258225806451615,1,daily readings
AGM02173184002,0.389577439946877,0.386627225578329,0.3688600823045267,0.3561284046692607,0.3079516129032258,0.300983870967742,1,daily readings
AGM02173212001,0.0546399994991358,0.0606252237348795,0.05864526748971193,0.07022217898832685,0.07003709677419355,0.10313387096774193,1,daily readings
AGM02176020001,0.373,0.278692,0.2760288065843621,0.24064202334630347,0.24230645161290323,0.22717741935483873,1,hourly readings
AGM02176445001,0.14830606060606,0.119150406504065,0.12218106995884773,0.1327081712062257,0.11914516129032258,0.11948387096774192,1,hourly readings
AGM02176700001,0.147348484848485,0.157344262295082,0.14574074074074073,0.023832684824902722,0.17033870967741935,0.0012580645161290322,1,hourly readings
AGM02182165001,0.619199095310909,0.619466745992137,0.625920987654321,0.6850108949416343,0.5303854838709677,0.6646354838709677,1,daily readings
AGM02186866001,0.155294535393226,0.143212594853974,0.12760905349794238,0.1424007782101167,0.09427419354838709,0.09643548387096773,1,daily readings
AGM02188048001,0.151315889127318,0.128403911271802,0.1498395061728395,0.12766692607003888,0.14029193548387098,0.12148709677419355,1,daily readings
AGM02191621001,0.25405105452675,0.301694589683008,0.24598559670781894,0.27383190661478596,0.09721290322580645,0.1514516129032258,1,daily readings
AGM02196519001,0.258505952380956,0.239889988842758,0.22617242798353912,0.20537470817120623,0.13123064516129032,0.21644193548387097,1,daily readings
AGM02197152001,0.272988350377863,0.350045073082482,0.22362510288065846,0.2513272373540856,0.19865322580645164,0.17734814814814814,1,daily readings
AGM02198867001,0.0632158674004181,0.0705032283057812,0.06725349794238682,0.06558910505836577,0.05855645161290322,0.03960161290322581,1,daily readings
AGM02199538001,0.381271523178808,0.285069958847737,0.3837634854771785,0.32531999999999994,0.3607962962962963,0.3688461538461538,1,hourly readings
AGM02207920001,0.230673913043478,0.101107758620689,0.08006172839506172,0.10153744493392072,0.07613114754098362,0.10400000000000001,1,hourly readings
AGM02208518001,0.156969375289632,0.131038613089095,0.10675308641975308,0.14330739299610898,0.09211290322580645,0.11241935483870967,1,daily readings
AGM02224732001,0.327777291224341,0.375965746934886,0.3039650205761317,0.2986428015564202,0.20216612903225806,0.18951774193548387,1,daily readings
AGM02227389001,0.454717948717949,0.489516,0.4926625514403292,0.435171206225681,0.46080645161290323,0.47124193548387094,1,hourly readings
AGM02229190001,0.226381355932203,0.202524390243902,0.2138888888888889,0.214288,0.18574193548387097,0.17719354838709678,1,hourly readings
AGM02236869001,0.45715013020834,0.418062953514729,0.39592181069958843,0.39523735408560307,0.3395758064516129,0.3828451612903226,1,daily readings
AGM02237170001,0.234345454545454,0.176643442622951,0.21532510288065843,0.18404669260700388,0.2548225806451613,0.10385483870967742,1,hourly readings
AGM02239231001,0.199049871794871,0.206486169431697,0.17870658436213988,0.17417081712062257,0.17651774193548386,0.16655967741935482,1,daily readings
AGM02244373001,0.356926449275361,0.434881893901501,0.016741152263374484,0.008734241245136186,0.0001564516129032258,0.02031451612903226,1,daily readings
AGM02246510002,0.257311444427845,0.181961229631462,0.25525102880658435,0.28291050583657584,0.16303225806451613,0.2179032258064516,1,daily readings
AGM02247829001,0.19757713870432,0.158420330279162,0.13069135802469137,0.17430466926070037,0.006756451612903226,0.01709193548387097,1,daily readings
AGM02248655001,0.221170551883633,0.171312468265698,0.16694166666666668,0.164479674796748,0.2098064516129032,0.15461290322580643,1,daily readings
AGM02251331001,0.285715568862276,0.180744939271255,0.1724156378600823,0.17747081712062257,0.15193548387096775,0.04943548387096774,1,hourly readings
AGM02262726002,0.0957436926605519,0.0739164514462749,0.06283744855967079,0.06995797665369649,0.01954516129032258,0.017233870967741937,1,daily readings
AGM02280096001,0.212251968503937,0.209265217391304,0.25407818930041154,0.22498832684824904,0.18288709677419354,0.1822741935483871,1,hourly readings
AGM02282841001,0.0821773700305811,0.0966666666666667,0.08867782426778244,0.06742023346303501,0.07909677419354838,0.12120967741935483,1,hourly readings
AGM02288493001,0.0928710620135731,0.104197873793537,0.11563786008230455,0.09199610894941634,0.10738709677419354,0.09348387096774194,1,daily readings
AGM02289684001,0.463465508684697,0.447019933589062,0.12600411522633745,0.18173657587548642,0.10757096774193547,0.1288758064516129,1,daily readings
AGM02292027001,0.238173478709169,0.141471429544774,0.1574156378600823,0.11757587548638133,0.08229032258064516,0.11370967741935484,1,daily readings
AGM02292302001,0.187835361079448,0.203012456620882,0.11712222222222222,0.1094,0.04383064516129032,0.0399741935483871,1,daily readings
AGM02306103001,0.283947976878613,0.2748,0.27741152263374486,0.1934747081712062,0.27740322580645166,0.1853225806451613,1,hourly readings
AGM02308865001,0.637171223958324,0.631653459064156,0.666588888888889,0.6816284046692608,0.7968145161290323,0.8124096774193548,1,daily readings
AGM02314445001,0.207149106243704,0.202207387059825,0.17118271604938276,0.11095252918287939,0.14666290322580644,0.15280806451612902,1,daily readings
AGM02316933001,0.194791666666667,0.20280737704918,0.23110288065843623,0.21547637795275593,0.2665483870967742,0.2330483870967742,1,hourly readings
AGM02324057001,0.0758034188034187,0.10550406504065,0.09665843621399177,0.0701284046692607,0.20724193548387096,0.04833870967741935,1,hourly readings
AGM02324190001,0.370210301613246,0.37233557414806,0.37729629629629635,0.3905097276264591,0.443741935483871,0.4215,1,daily readings
AGM02325142001,0.0430603448275862,0.0423052208835341,0.25164197530864196,0.198715953307393,0.13388709677419355,0.10943548387096774,1,hourly readings
AGM02326645001,0.263943168826172,0.182108645636687,0.02288801652892562,0.028705447470817116,0.06995483870967742,0.018390322580645165,1,daily readings
AGM02326809001,0.0624203093047029,0.0881705738700896,0.07217942386831275,0.0734887159533074,0.06370645161290323,0.06136129032258065,1,daily readings
AGM02327180001,0.163279816513763,0.236559510903514,0.12034545454545453,0.10544591439688716,0.058,0.11095806451612904,1,daily readings
AGM02333618001,0.142354293313071,0.197553149154482,0.24627530864197525,0.19931206225680934,0.23689032258064519,0.1825016129032258,1,daily readings
AGM02335711001,0.218914798206278,0.270869565217391,0.22626337448559672,0.1670194552529183,0.2381774193548387,0.19949999999999998,1,hourly readings
AGM02337981001,0.160020302339549,0.172039876283957,0.16106584362139917,0.15659533073929963,0.15045161290322578,0.1406451612903226,1,daily readings
AGM02338258001,0.23244834384858,0.28168545909884,0.28704526748971193,0.27208638132295715,0.2518370967741935,0.22033064516129033,1,daily readings
AGM02339637002,0.0747666666666666,0.104164658634538,0.05600411522633745,0.2087081712062257,0.020870967741935486,0.05346774193548387,1,hourly readings
AGM02345170001,0.166251235896024,0.172668314342464,0.19029166666666664,0.31424229074889864,0.18754838709677418,0.3123548387096774,1,daily readings
AGM02345576001,0.212076748704662,0.197657193043643,0.18022016460905352,0.15937159533073927,0.1353709677419355,0.13473064516129032,1,daily readings
AGM02349287001,0.10618743609407,0.158943382264717,0.18186913580246913,0.18532256809338524,0.09709354838709677,0.17536935483870966,1,daily readings
