user_oid,username,signup_timestamp
AGM02140298001,nbakkalian_emi,4/18/2016 14:40
AGM02330879001,joguarhe_emi,4/19/2016 9:29
AGM02000952001,jbarba_emi,4/19/2016 10:06
AGM01549555002,Dgcomin_emi,4/19/2016 16:52
AGM01259526001,jldelgado_emi,4/21/2016 11:42
AGM01158121001,Julian_emi,4/21/2016 11:48
AGM01631955001,mmateo_emi,4/21/2016 12:23
AGM02029317001,friden_emi,4/21/2016 13:35
AGM01129597001,Jose Vicente Galdon_emi,4/21/2016 16:16
AGM02011609001,Inmita77_emi,4/21/2016 18:58
AGM02170639001,samaruca_emi,4/22/2016 10:30
AGM01195879002,JoRuiz_emi,4/22/2016 11:44
AGM02076936001,maserrano_emi,4/22/2016 13:27
AGM02043811002,mapuve_emi,4/22/2016 14:09
AGM02188048001,Dori_emi,4/24/2016 9:54
AGM02073313001,estelarolo_emi,4/26/2016 10:44
AGM02277482001,miguel_emi,4/26/2016 14:23
AGM02055129001,Kngrjito_emi,4/26/2016 17:18
AGM02028774001,pakoko_emi,4/29/2016 16:16
AGM01099089001,Y0889746M_emi,5/2/2016 12:28
AGM02150708001,jguimera_emi,5/3/2016 10:23
AGM02247829001,Mikke80_emi,5/6/2016 13:55
AGM01505128001,Juan Luis Ortin_emi,5/8/2016 9:54
AGM02025899001,mredondo_emi,5/9/2016 8:09
AGM02005438002,Carina_emi,5/11/2016 12:29
AGM01013095003,jmgandia_emi,5/11/2016 12:35
AGM02131953002,esbelher_emi,5/11/2016 12:40
AGM02349287001,Ana Carbonell_emi,5/12/2016 8:48
AGM01564421001,SALVADOR_emi,5/12/2016 19:05
AGM01116214003,mariajo_emi,5/13/2016 3:09
AGM01099424002,MFERNANDEZ_emi,5/13/2016 10:07
AGM01207733001,jesusdelatierra_emi,5/14/2016 0:21
AGM02023334001,j.a.baena_emi,5/14/2016 9:06
AGM01153288001,Abilio Iserte Martinez_emi,5/14/2016 11:52
AGM02030286001,rapascu_emi,5/14/2016 17:14
AGM02224732001,Raquel1977_emi,5/14/2016 17:36
AGM02138806001,19099463X_emi,5/14/2016 18:47
AGM01282179001,adseviva_emi,5/14/2016 19:31
AGM01147430001,Jose Exposito Sevilla_emi,5/15/2016 2:09
AGM02030502001,atomik_emi,5/15/2016 9:14
AGM02317265001,Y0330507B_emi,5/15/2016 18:27
AGM02136632001,ANDRES MANUEL VILLAR CASTILLO_emi,5/15/2016 20:01
AGM02028320001,vicente cremades_emi,5/15/2016 20:34
AGM01588026002,alfval_emi,5/15/2016 20:35
AGM02255226001,pawer_emi,5/15/2016 21:00
AGM01145858001,julius_emi,5/15/2016 21:04
AGM01136673001,Fallero_emi,5/15/2016 21:29
AGM01111572002,22517233a_emi,5/15/2016 21:45
AGM01070590002,Juan Carlos_emi,5/15/2016 22:09
AGM02131765001,xentox_emi,5/15/2016 22:13
AGM01490613002,Andres_emi,5/15/2016 22:39
AGM01141230001,salcama_emi,5/15/2016 22:53
AGM02208518001,agapito_emi,5/15/2016 22:58
AGM01315359001,angel_emi,5/15/2016 23:13
AGM01561847001,Jose Vicente Lopez Gutierrez_emi,5/16/2016 0:22
AGM02246356001,Jose Antonio Gracia Mesonero_emi,5/16/2016 4:35
AGM01499051001,jmontesinos_emi,5/16/2016 7:33
AGM01771833003,pacoher_emi,5/16/2016 8:06
AGM02241592001,icastro_emi,5/16/2016 8:23
AGM01156969001,Arantxa_emi,5/16/2016 8:44
AGM02191576001,ior_emi,5/16/2016 8:48
AGM02314445001,mariam _emi,5/16/2016 8:49
AGM02008124001,Javier_emi,5/16/2016 8:50
AGM01204052001,19820042E_emi,5/16/2016 9:06
AGM01146563001,Pometus_emi,5/16/2016 9:07
AGM01265516002,20811568H_emi,5/16/2016 9:21
AGM02000081001,Inma_emi,5/16/2016 10:08
AGM01735185001,Marisa_emi,5/16/2016 10:20
AGM02250503001,daniel_emi,5/16/2016 10:27
AGM02090750001,PEDRO DE PEDRO TABERNERO_emi,5/16/2016 10:53
AGM02179459001,gjmb_emi,5/16/2016 11:10
AGM01519690001,pilargch@papelera-ecker.es_emi,5/16/2016 11:12
AGM02046078001,marcos_emi,5/16/2016 11:24
AGM01269738001,Jesus romero salt_emi,5/16/2016 11:37
AGM01657034001,fjavierpiquer_emi,5/16/2016 11:44
AGM01551082001,Vicente_emi,5/16/2016 11:55
AGM01044679001,IGNACIO GENOVES ARTAL_emi,5/16/2016 12:03
AGM01767758005,documentos_emi,5/16/2016 12:10
AGM01069387002,mascota_emi,5/16/2016 12:30
AGM02330679001,agua230emi_emi,5/16/2016 12:31
AGM01090177001,Manuel_emi,5/16/2016 12:57
AGM01493592002,Fede_emi,5/16/2016 13:22
AGM01640614001,19416860F_emi,5/16/2016 13:35
AGM01100294001,JOSE LUIS GARCIA CALATAYUD_emi,5/16/2016 13:38
AGM02081821001,Bachi_emi,5/16/2016 14:58
AGM01541882002,Masin1909_emi,5/16/2016 15:35
AGM01702725001,frajico_emi,5/16/2016 16:23
AGM01553054002,Merche_emi,5/16/2016 17:17
AGM01349240001,jens_emi,5/16/2016 19:11
AGM01511601001,dirges_emi,5/16/2016 19:43
AGM01024475002,arosillo_emi,5/16/2016 20:02
AGM02276996001,Vicente Llorens_emi,5/16/2016 21:05
AGM02239605002,danielmonros_emi,5/16/2016 21:22
AGM01769972001,Alcueso_emi,5/16/2016 21:23
AGM01486389003,Luis MIguel Caballero_emi,5/16/2016 21:30
AGM02309953001,Enrique Marco Mateo_emi,5/16/2016 21:33
AGM02135770001,29162554A_emi,5/16/2016 21:36
AGM02176445001,Dani_emi,5/16/2016 21:37
AGM02075114001,Ester1977_emi,5/16/2016 21:46
AGM01770946001,jorpepa_emi,5/16/2016 21:59
AGM01001047001,fragomar_emi,5/16/2016 22:21
AGM01744285001, Maria Perez Bonmati_emi,5/16/2016 22:36
AGM02061373001,aconri_emi,5/16/2016 22:39
AGM01122880001,pilar_emi,5/16/2016 23:25
AGM02014229001,genito_emi,5/16/2016 23:45
AGM02020132002,22579627k_emi,5/17/2016 0:35
AGM02122388001,DEscutia _emi,5/17/2016 2:51
AGM01715911001,ppodader_emi,5/17/2016 6:12
AGM02157591002,marette_emi,5/17/2016 7:00
AGM02058819001,smontys,5/17/2016 7:27
AGM01672482001,Ayllon_emi,5/17/2016 7:55
AGM02105478001,cesanmi_emi,5/17/2016 8:24
AGM01566549003,evix_emi,5/17/2016 8:46
AGM01191063002,jcgalve_emi,5/17/2016 9:01
AGM01419166003,Gustavo A_emi,5/17/2016 9:01
AGM02018383001,Catjeen_emi,5/17/2016 9:07
AGM02091994001,Antifaz_emi,5/17/2016 9:33
AGM02214574001,vataba_emi,5/17/2016 9:48
AGM01768343001,Tina_emi,5/17/2016 9:57
AGM01285141001,Joseba_emi,5/17/2016 10:04
AGM02173212001,Tere67_emi,5/17/2016 10:09
AGM02017739002,amaceira_emi,5/17/2016 10:10
AGM02167657001,patriciacata@yahoo.es_emi,5/17/2016 10:11
AGM02124276001,Cristina_emi,5/17/2016 10:15
AGM02259744001,Romi_emi,5/17/2016 10:40
AGM02012747001,JORGE BARRACHINA PONS_emi,5/17/2016 10:56
AGM01731411001,vitzcovitz_emi,5/17/2016 11:09
AGM02120870001,mjviua_emi,5/17/2016 11:37
AGM02000327002,Carlos Valera _emi,5/17/2016 11:45
AGM01118840001,Marta Susana Olmos Soto_emi,5/17/2016 11:50
AGM01622915001,Calzetas_emi,5/17/2016 11:53
AGM02199538001,Amparo1505_emi,5/17/2016 12:18
AGM01180278001,vblanc_emi,5/17/2016 12:21
AGM02233538001,andrewva_emi,5/17/2016 12:32
AGM02019362002,AFCG_emi,5/17/2016 12:47
AGM01273289001,PEDRO_emi,5/17/2016 12:49
AGM02072999001,javier.montilla@ono.com_emi,5/17/2016 13:00
AGM01544792001,ghermig_emi,5/17/2016 14:13
AGM02103589001,Jorge Llatas_emi,5/17/2016 14:35
AGM02089742001,rakvapp_emi,5/17/2016 14:39
AGM02333618001,Albertosh2_emi,5/17/2016 14:58
AGM01505983002,25396470P_emi,5/17/2016 15:16
AGM01680173005,German_emi,5/17/2016 15:19
AGM02088808001,Agosto_emi,5/17/2016 16:41
AGM02191621001,Remontator_emi,5/17/2016 17:35
AGM01177216001,Vicente Bonet_emi,5/17/2016 18:30
AGM01547785001,blascoja_emi,5/17/2016 18:52
AGM02024246002,juan de la cruz_emi,5/17/2016 19:10
AGM02282841001,sabual_emi,5/17/2016 19:48
AGM01552661001,Blas Garcia_emi,5/17/2016 20:33
AGM01061468001,asaldana_emi,5/17/2016 20:47
AGM02007506001,Kristina Domingo_emi,5/17/2016 21:07
AGM02092972001,abm306_emi,5/17/2016 21:12
AGM02084889001,patricio_emi,5/17/2016 22:00
AGM02086175001,david_emi,5/17/2016 22:35
AGM01147576001,lufranmu_emi,5/17/2016 23:03
AGM02003609001,mardera_emi,5/17/2016 23:16
AGM02090781001,Paula_emi,5/17/2016 23:23
AGM01733287001,matrasal_emi,5/17/2016 23:46
AGM02028888002,Juan Viesca_emi,5/17/2016 23:59
AGM02326809001,carlos_emi,5/18/2016 0:07
AGM02246510002,Fonsipop_emi,5/18/2016 0:17
AGM02089583001,pabromar_emi,5/18/2016 0:22
AGM01087391001,urban_emi,5/18/2016 0:35
AGM02251331001,carlosgt313_emi,5/18/2016 0:47
AGM02074896001,Ester_emi,5/18/2016 1:01
AGM02316933001,Mj_emi,5/18/2016 1:42
AGM02013896001,rafael miguel valles criado_emi,5/18/2016 2:33
AGM02072226001,emarvi2008_emi,5/18/2016 3:40
AGM02016201001,ALRENTERO_emi,5/18/2016 6:29
AGM02084677001,gerlagu_emi,5/18/2016 7:13
AGM02327180001,JENIFER_emi,5/18/2016 7:18
AGM02090922001,jbgandia_emi,5/18/2016 7:54
AGM01152271003,sergiocas_emi,5/18/2016 7:55
AGM02075988002,Manuel Serrano_emi,5/18/2016 8:08
AGM01687799001,sogoes_emi,5/18/2016 8:10
AGM02035149001,29177264Q_emi,5/18/2016 8:30
AGM02262726002,ratorga_emi,5/18/2016 8:45
AGM02325670001,Capi_emi,5/18/2016 8:46
AGM02198867001,robervlc_emi,5/18/2016 8:49
AGM01551301001,mjbou_emi,5/18/2016 9:51
AGM02070537001,roalag_emi,5/18/2016 10:10
AGM01641704001,mmargimenez_emi,5/18/2016 10:23
AGM02076786002,Ferpicanya_emi,5/18/2016 10:33
AGM02312929001,48311168J_emi,5/18/2016 10:40
AGM02131175001,Antonio J_emi,5/18/2016 10:42
AGM02140462002,ALEJANDRA FERNANDEZ CARRASCO_emi,5/18/2016 10:44
AGM01693028001,Mila_emi,5/18/2016 10:46
AGM01415308001,Maria del Carmen Ros Navarro_emi,5/18/2016 10:56
AGM02306870001,RAFAEL_emi,5/18/2016 10:59
AGM01177700005,elporti88_emi,5/18/2016 11:00
AGM02288521001,raulmg_emi,5/18/2016 11:05
AGM01249296001,Felix_emi,5/18/2016 11:07
AGM02026975002,Alfonso_emi,5/18/2016 11:14
AGM02335903001,lquesada_emi,5/18/2016 11:23
AGM01292922001,Emilio_emi,5/18/2016 11:24
AGM01619106002,Susana_emi,5/18/2016 11:27
AGM01081176001,jjcs_emi,5/18/2016 11:28
AGM01215964002,abenamir_emi,5/18/2016 11:31
AGM02155786002,mihosau_emi,5/18/2016 11:31
AGM02289684001,IreneAC_emi,5/18/2016 11:37
AGM01052705001,juan francisco lopez_emi,5/18/2016 11:43
AGM02035389001,aupaslu_emi,5/18/2016 11:47
AGM02317116001,pedcarma_emi,5/18/2016 11:53
AGM01076517001,jmlg_emi,5/18/2016 11:54
AGM01096764002,loteriaelcid_emi,5/18/2016 11:56
AGM02072993001,EvaMedina_emi,5/18/2016 12:06
AGM01004314001,Marisol_emi,5/18/2016 12:20
AGM02026161001,MJGN_emi,5/18/2016 12:22
AGM02346029001,frasanma_emi,5/18/2016 12:25
AGM01720253001,Enrique Vila_emi,5/18/2016 12:26
AGM02133597001,nescriva_emi,5/18/2016 12:28
AGM02346151001,LAURA VALENCIA_emi,5/18/2016 12:42
AGM02163283001,Concha_emi,5/18/2016 12:43
AGM02092434001,tanque_emi,5/18/2016 12:46
AGM02339154001,Laura_emi,5/18/2016 12:47
AGM02197152001,MSafont_emi,5/18/2016 13:00
AGM01277279001,chichoman_emi,5/18/2016 13:10
AGM02078548001,juan antonio_emi,5/18/2016 13:11
AGM02024555001,sandra_emi,5/18/2016 13:15
AGM01216497001,BALLESTA_emi,5/18/2016 13:16
AGM02168804001,Diana_emi,5/18/2016 13:19
AGM00134601002,PAULAVS_emi,5/18/2016 13:55
AGM01297917001,Vicente Perez_emi,5/18/2016 14:19
AGM01653638001,pastoralam7_emi,5/18/2016 14:21
AGM02324190001,KELO_emi,5/18/2016 14:37
AGM02023028001,pantabuho_emi,5/18/2016 14:37
AGM02009831001,framos4_emi,5/18/2016 14:55
AGM02330172001,JOSE LUIS BELLVER_emi,5/18/2016 15:03
AGM02077000001,taniko1_emi,5/18/2016 15:18
AGM01173876001,Pascual Mares Mora_emi,5/18/2016 15:35
AGM01583656001,jvcarrillo_emi,5/18/2016 15:50
AGM02065074001,stradivarius_emi,5/18/2016 16:23
AGM02345170001,bachata19_emi,5/18/2016 16:23
AGM02324612001,Mihaela Adina Spulber_emi,5/18/2016 16:59
AGM01195560001,73640010J_emi,5/18/2016 17:10
AGM02236718001,Adonvito25_emi,5/18/2016 17:34
AGM02141572001,29027279Z_emi,5/18/2016 17:41
AGM01232029002,manubori_emi,5/18/2016 17:41
AGM01706418001,MARIA LINARES_emi,5/18/2016 17:57
AGM02065069001,diodo13_emi,5/18/2016 18:36
AGM01047360001,vjmo_emi,5/18/2016 18:56
AGM01309572001,ALFONSO CLEMENTE ALCANTARA_emi,5/18/2016 19:19
AGM02076356001,MADELROS_emi,5/18/2016 19:32
AGM01213662001,salrago_emi,5/18/2016 19:47
AGM02221988001,sojevi_emi,5/18/2016 19:49
AGM01752052001,Pablo R._emi,5/18/2016 20:03
AGM02072181001,yogasan_emi,5/18/2016 20:39
AGM02255236001,ademucero_emi,5/18/2016 20:56
AGM02205873001,Enrique Tortosa Pastor_emi,5/18/2016 21:17
AGM02120215003,Jose Francisco Crespo Albiach_emi,5/18/2016 21:17
AGM02183667001,Lucia Sanchez_emi,5/18/2016 21:46
AGM01771115001,JMLLORENS_emi,5/18/2016 22:49
AGM02163595001,mikisize_emi,5/18/2016 23:02
AGM02066849001,Clovis17_emi,5/18/2016 23:17
AGM02010938001,Raul Victor Vazquez_emi,5/18/2016 23:49
AGM02237170001,mangeles_emi,5/19/2016 0:35
AGM01549772001,amparo jose ripoll_emi,5/19/2016 0:44
AGM01029565001,belen.blasco@uteloshornillos.com_emi,5/19/2016 8:44
AGM01122338001,mvazquezb_emi,5/19/2016 9:09
AGM02007395001,ccabezu_emi,5/19/2016 9:36
AGM02347403001,ragivi_emi,5/19/2016 9:39
AGM02077560001,Lorena_emi,5/19/2016 10:29
AGM02306741001,MARIA JOSE_emi,5/19/2016 10:53
AGM02027183001,carloscarmelo-gf_emi,5/19/2016 11:31
AGM01010937001,JaOrLa68_emi,5/19/2016 12:39
AGM02168932001,januhe_emi,5/19/2016 12:40
AGM01564173002,Daniel Cidoncha_emi,5/19/2016 12:46
AGM02153275001,Pablo_emi,5/19/2016 12:53
AGM01340940001,gilgadea_emi,5/19/2016 13:41
AGM01241591001,C. Angeles_emi,5/19/2016 13:54
AGM01006454001,rafolas_emi,5/19/2016 14:26
AGM02143855001,santimj_emi,5/19/2016 14:59
AGM02043154002,JuanFe_emi,5/19/2016 15:10
AGM02062113001,JOFLORJA_emi,5/19/2016 15:31
AGM02168946001,MARINA_emi,5/19/2016 15:45
AGM01767758001,documentos._emi,5/19/2016 16:24
AGM01577133001,Carlos Barroso_emi,5/19/2016 17:41
AGM02036276001,Carlos Estevez_emi,5/19/2016 18:11
AGM02127141001,inflosan_emi,5/19/2016 18:47
AGM02288493001,richard.plana_emi,5/19/2016 18:58
AGM01031367001,JORGE GARZARAN _emi,5/19/2016 20:34
AGM01006678001,ANa_emi,5/19/2016 20:40
AGM01681662001,Antonio_emi,5/20/2016 5:29
AGM02043671001,pasticana_emi,5/20/2016 10:15
AGM02087526001,02704959K_emi,5/20/2016 10:16
AGM01284383001,ALBERTO_emi,5/20/2016 12:21
AGM01197982001,victoria_emi,5/20/2016 13:27
AGM02189700001,Santiago Ramos Serrano_emi,5/20/2016 19:04
AGM02059969001,Alena_emi,5/20/2016 20:15
AGM01276331002,Mariano Sastre Rueda_emi,5/20/2016 20:20
AGM02062414001,evamyo_emi,5/20/2016 20:21
AGM02220097001,fjlopezv_emi,5/21/2016 8:10
AGM01195767003,JUAM_emi,5/21/2016 12:21
AGM01063908001,luisvice_emi,5/22/2016 1:58
AGM02084290001,smitho_emi,5/22/2016 14:51
AGM02046737001,VegaLeo_emi,5/23/2016 9:54
AGM01648487001,20800922k_emi,5/23/2016 11:49
AGM01702725002,nallaau_emi,5/23/2016 11:52
AGM01116153003,Juan Pablo Carrau Criado_emi,5/23/2016 13:40
AGM02006620002,crisgar28_emi,5/23/2016 20:29
AGM01276420001,VICTORIA MILLET_emi,5/24/2016 12:16
AGM01165221001,Joaqu,5/24/2016 15:06
AGM02228803001,Luigi_emi,5/24/2016 18:16
AGM02176700001,shark_emi,5/24/2016 20:21
AGM01731233001,fcotormo_emi,5/25/2016 18:04
AGM01279496002,Juan Casaus Reig_emi,5/25/2016 21:09
AGM01518016003,LA UNIO DE LLAURADORS_emi,5/26/2016 9:44
AGM01298425001,maria_emi,5/26/2016 13:28
AGM02015748002,DerDieg_emi,5/26/2016 18:07
AGM02175112001,joroiri_emi,5/26/2016 20:42
AGM01331556002,ISABEL_emi,5/27/2016 20:43
AGM02182165001,gorrarroja_emi,5/28/2016 16:39
AGM01082429001,jAIME_emi,5/29/2016 11:27
AGM02062455002,migue_emi,5/29/2016 16:00
AGM02027105002,Vicente Penella_emi,5/29/2016 21:49
AGM01683220001,Inma Martinez_emi,5/30/2016 17:28
AGM02015748001,DerDieg2_emi,5/30/2016 19:37
AGM02224610001,bucle_emi,5/30/2016 20:24
AGM01548023001,Jose Javier Hern,5/31/2016 10:29
AGM02035982002,Bego,6/1/2016 9:42
AGM02039120001,amarsalva_emi,6/3/2016 12:33
AGM01035766001,33407419B_emi,6/3/2016 14:18
AGM02070939001,solaig_emi,6/3/2016 15:20
AGM02239231001,Ruth_emi,6/3/2016 15:34
AGM02039749001,nekane1976_emi,6/3/2016 16:51
AGM02176020001,marina3_emi,6/4/2016 8:57
AGM01496451001,SALVADOR FURI,6/4/2016 9:54
AGM02079825001,joquis_emi,6/4/2016 13:18
AGM02027037001,Quiquet71_emi,6/4/2016 16:01
AGM02072106001,Jose Luis S,6/5/2016 20:36
AGM02027996001,44507475Z_emi,6/6/2016 10:27
AGM02041555001,Toni Fornals Motos_emi,6/6/2016 12:28
AGM02175112002,joroiri2_emi,6/6/2016 13:45
AGM01710469001,NurBF_emi,6/6/2016 15:52
AGM02292302001,ampa77_emi,6/6/2016 20:04
AGM02209006001,ceorcan_emi,6/7/2016 10:15
AGM02036258001,sermami_emi,6/7/2016 23:00
AGM02247438001,Miguel_Perles_emi,6/8/2016 8:47
AGM02079896001,Hugol73_emi,6/8/2016 12:30
AGM01753733002,Mayte Marti_emi,6/8/2016 16:53
AGM01048010001,JUAN JOSE ORTEGA SANCHEZ_emi,6/9/2016 13:00
AGM02338258001,scherezade labrador fernandez_emi,6/10/2016 7:02
AGM02236869001,apeigon_emi,6/10/2016 11:46
AGM01743536001,elpejin_emi,6/13/2016 8:26
AGM01230968001,isabelmb@ono.com_emi,6/13/2016 10:04
AGM02091404001,hecmasor_emi,6/20/2016 13:33
AGM01667330001,ELIAS COLOM_emi,6/20/2016 16:27
AGM02061625006,JfMoreno_emi,6/22/2016 16:26
AGM02215172001,cos_5_90@hotmail.com_emi,6/27/2016 15:37
AGM02154834002,Wat Woman_emi,7/1/2016 12:32
AGM02354049001,HECTOR_emi,7/7/2016 12:20
AGM01587906001,Fermin_emi,7/7/2016 18:04
AGM02058237001,sileno_emi,7/11/2016 21:06
TOR00000002001,Torto1_emi,7/12/2016 13:19
AGM02031399001,qcreus_emi,7/14/2016 16:36
AGM02034365001,ALBERTOramos_emi,7/26/2016 12:13
AGM02354073001,jpdingwall_emi,7/28/2016 8:56
AGM02017083001,Isidro La,7/31/2016 18:10
AGM02131175003,Antonio Jes,8/1/2016 12:28
AGM02038368001,adrianmn69_emi,8/2/2016 11:13
AGM02080161001,celia luna _emi,8/8/2016 15:08
AGM02161874001,mdebersa_emi,8/9/2016 10:15
AGM01036764001,AntonioMoya_emi,8/9/2016 22:37
AGM01256946002,pavellan_emi,8/11/2016 8:52
AGM02039192002,Esperanza I,8/13/2016 8:40
AGM01542213001,Enrique Soriano_emi,8/16/2016 11:55
AGM02335711001,goncalvesm@un.org_emi,8/23/2016 8:59
AGM02315291001,guilleb_emi,8/23/2016 10:12
AGM01576508001,md_emi,8/25/2016 8:01
AGM01006571003,vialpi_emi,8/25/2016 8:49
AGM01130931001,rafsesm@gmail.com_emi,8/27/2016 9:39
AGM02006003001,rasadu_emi,8/27/2016 22:03
AGM02306103001,68manolo_emi,9/2/2016 17:51
AGM01687847001,Diana Carolina_emi,9/4/2016 18:52
AGM02064223003,Inma Buch,9/4/2016 22:22
AGM02155921001,ganimedes_emi,9/7/2016 9:30
AGM02073422001,wuhand_emi,9/8/2016 12:17
AGM02130909001,fjmp1961_emi,9/10/2016 21:36
AGM02149690001,avm-arquitectura_emi,9/10/2016 23:57
AGM01013095002,Jose Miguel Gandia Artigues_emi,9/12/2016 7:57
AGM01719785001,LUIS_emi,9/12/2016 17:11
AGM02157375001,bombon1970_emi,9/22/2016 22:25
AGM01563268001,enriquescribano_emi,9/26/2016 19:30
AGM01706533001,Fernando_emi,9/28/2016 12:45
AGM02357902001,Christian_emi,10/4/2016 17:51
AGM02201806001,Jose_emi,10/10/2016 17:33
AGM02007245001,Antonio Sabuco Men,10/11/2016 14:39
AGM02345576001,mlorente_emi,10/14/2016 11:01
AGM01144418006,mmateo65_emi,10/24/2016 13:44
AGM01551497008,fustercata42_emi,10/26/2016 13:59
AGM02205053001,George_emi,10/28/2016 8:53
AGM02054877001,msanpo_emi,11/3/2016 21:43
AGM01308614001,Fernando Arias_emi,11/4/2016 9:02
AGM02244222001,joaquin llinares_emi,11/6/2016 9:07
AGM02021790001,PABLO ALONSO_emi,11/10/2016 13:15
AGM02156923001,Manuela_emi,11/11/2016 14:29
AGM01489092001,josemaperez_emi,11/18/2016 0:37
AGM02071771001,Vicente Cano_emi,11/21/2016 22:50
AGM01030731002,JOANNA_emi,11/22/2016 10:07
AGM01272082001,Fernando Escolano Torner_emi,11/22/2016 13:36
AGM02091624001,Inmaculada_emi,11/22/2016 20:35
AGM02335544001,jluisvicent_emi,11/23/2016 17:55
AGM02042579001,rorey_emi,11/27/2016 21:23
AGM02023028002,Lucas_emi,11/28/2016 9:55
AGM02162598002,pilarab87_emi,11/28/2016 10:30
AGM01739935001,rcascajo_emi,11/30/2016 12:03
AGM02241881001,crisgros_emi,12/4/2016 12:02
AGM01717521001,ROSA M,12/9/2016 10:00
AGM02000770001,JULIAIGNACIA_emi,12/12/2016 10:20
AGM01006538001,Pejocamu_emi,12/16/2016 13:43
AGM02033471001,Enrique_emi,12/19/2016 12:10
AGM01541606001,JOSE LUIS_emi,12/19/2016 13:22
AGM01203530001,sorag_emi,12/19/2016 15:52
AGM01684496002,Pedro  Linares  Molina_emi,12/19/2016 16:08
AGM02197500001,omar_emi,12/19/2016 22:30
AGM02063485001,kulebrin_emi,12/20/2016 7:46
AGM01514239002,Gemadius_emi,12/20/2016 12:09
AGM02136486001,Jos,12/20/2016 12:39
AGM02173184002,jaimellor_emi,12/20/2016 14:04
AGM02070824001,vicion81_emi,12/20/2016 17:21
AGM01488946001,TINO_emi,12/20/2016 22:19
AGM01746992001,modesto_emi,12/21/2016 18:22
AGM02308865001,oscarsf75_emi,12/21/2016 19:06
AGM02280096001,davidq_emi,12/22/2016 10:23
AGM02357608001,JOSE LOZANO_emi,12/23/2016 12:45
AGM01567761001,Antonio Moya_emi,12/25/2016 6:05
AGM02076070001,x3012993q_emi,12/25/2016 9:24
AGM01193906001,Blanca Rosa Agueros Nieves_emi,12/25/2016 20:30
AGM02063475001,Adelina Revert_emi,12/28/2016 14:32
AGM01192285001,josechu_emi,12/28/2016 16:12
AGM01119476002,Pedro J._emi,12/28/2016 18:11
AGM01188807001,voltant_emi,12/28/2016 18:45
AGM01281249001,Aramis_emi,12/28/2016 18:58
AGM01108159001,esanchop_emi,12/28/2016 22:58
AGM02289915002,JOSE MARIA_emi,12/29/2016 6:50
AGM02339637002,luchete235_emi,12/29/2016 8:38
AGM02079332001,kara_emi,12/29/2016 10:07
AGM01113381003,vicentasll_emi,12/29/2016 10:25
AGM01545700002,Vicente Blanca Gim,12/29/2016 10:30
AGM01327668001,JUAN_emi,12/29/2016 11:33
AGM01652554002,sylvia mart,12/29/2016 11:37
AGM01707475001,Florencio_emi,12/29/2016 12:08
AGM01096691001,Nura Praga_emi,12/29/2016 14:02
AGM01048657002,vicentemillan_emi,12/29/2016 14:16
AGM01772398001,Joaquin Juan Arranz_emi,12/29/2016 14:46
AGM02326010001,Lupomi_emi,12/29/2016 15:39
AGM01629146002,Joluro_emi,12/29/2016 16:57
AGM02346256001,tomascalabuig_emi,12/29/2016 17:35
AGM01749336001,JOSELUIS_emi,12/29/2016 20:05
AGM02046793001,Juan Antonio Oliva_emi,12/29/2016 22:54
AGM02042112001,fmunque_emi,12/29/2016 22:56
AGM02128001002,kikearake_emi,12/30/2016 9:31
AGM02130624001,Sonia_emi,12/30/2016 9:56
AGM01352778001,mcruz_emi,12/30/2016 10:15
AGM02060531001,marian04_emi,12/30/2016 10:32
AGM02123004001,Emilio Moya_emi,12/30/2016 10:53
AGM02292027001,Vetina_emi,12/30/2016 11:56
AGM02070221001,jorbartu_emi,12/30/2016 11:56
AGM02050693002,JFernandez_emi,12/30/2016 12:31
AGM02078377001,franzisfm_emi,12/30/2016 13:56
AGM02293960001,omearama_emi,12/30/2016 21:49
AGM01622623001,Carlos L,12/30/2016 22:03
AGM02056995001,Angel Abad_emi,12/31/2016 10:20
AGM02239114001,emitorre_emi,12/31/2016 14:02
AGM01178410001,mmunozruiz@telefonica.net_emi,12/31/2016 15:55
AGM02305853001,lluesma_emi,12/31/2016 19:17
AGM01730821002,gsvillajos_emi,1/1/2017 11:46
AGM02268329001,Luis Javier Soberon_emi,1/1/2017 14:43
AGM02244373001,vicente jorda_emi,1/1/2017 15:47
AGM02150997002,jlcabanes_emi,1/1/2017 21:26
AGM01177796002,JUAN DE RUS_emi,1/1/2017 22:17
AGM02207920001,Vani_emi,1/2/2017 2:01
AGM02362203001,vicvic_emi,1/2/2017 7:53
AGM02248655001,Ana Maria Urbano Perez_emi,1/2/2017 8:54
AGM02326645001,Crisp,1/2/2017 9:08
AGM02317985001,anguaor_emi,1/2/2017 9:49
AGM02315808001,To,1/2/2017 9:57
AGM02229190001,dav_hm_emi,1/2/2017 9:59
AGM02061468001,HAL_emi,1/2/2017 10:22
AGM02014001001,jguerola_emi,1/2/2017 10:48
AGM02352630001,Estefania Frau_emi,1/2/2017 11:46
AGM02301335001,carmen catala_emi,1/2/2017 12:04
AGM02366499001,relanka_emi,1/2/2017 13:18
AGM02354987001,Miguel Briz_emi,1/2/2017 16:32
AGM02325142001,Miguel Ca,1/2/2017 17:06
AGM02337981001,albmarfa_emi,1/2/2017 17:14
AGM01240838003,Carlos Jutgl,1/2/2017 17:35
AGM02324057001,Catherine_emi,1/2/2017 17:55
AGM02041230001,mablape_emi,1/2/2017 18:47
AGM02227389001,Riolll_emi,1/3/2017 13:09
AGM02355540001,paztrabajo@gmail.com_emi,1/3/2017 17:37
AGM02290399001,julio_emi,1/3/2017 21:12
AGM02186866001,Akkura_emi,1/3/2017 22:04
AGM02330722001,Noechecafe_emi,1/5/2017 11:16
AGM02011433001,david_rosello_emi,1/5/2017 11:58
AGM02101709001,superpepenet_emi,1/5/2017 12:55
AGM02036307001,octavio_emi,1/7/2017 19:01
AGM02364698001,dorian83_emi,1/9/2017 7:48
AGM02035737001,fedlop_emi,1/9/2017 10:07
AGM02087363001,ferdv77_emi,1/9/2017 10:15
AGM02290790001,Danitm_emi,1/9/2017 18:47
AGM01679227001,ENRIQUE ALFONSO_emi,1/9/2017 20:21
AGM02241061001,22530942G_emi,1/9/2017 22:21
AGM02026863002,EVA_emi,1/10/2017 8:47
AGM02091018001,Soypav_emi,1/10/2017 10:59
AGM02116810001,JOSE MARIA CLEMENTE RAMOS_emi,1/10/2017 13:29
AGM01728414001,xortells_emi,1/10/2017 13:58
AGM02196519001,pisetvalencia_emi,1/11/2017 16:26
AGM02360711001,Pilator_emi,1/14/2017 20:46
AGM02076897001,decker1980vlc_emi,1/15/2017 1:01
AGM02076727001,Sof,1/15/2017 11:05
AGM02275858001,JUZABAMO_emi,1/19/2017 11:07
AGM01051399001,anabelmart_emi,1/23/2017 10:45
AGM01352851001,emeics_emi,1/24/2017 9:22